model,MAE_norm,RMSE_norm,MAX_norm,MAE_X,MAE_Y,MAE_Z,RMSE_X,RMSE_Y,RMSE_Z,MAX_abs_X,MAX_abs_Y,MAX_abs_Z
Linear :: PCC baseline,1.6980126482879254,1.8871506505506777,5.356283027709106,0.8886107861087574,1.0098297421263231,0.7100159170265913,1.0883966012176929,1.240108152055772,0.9158942010606024,3.399465023821655,4.78298984908696,3.5259648453742187
Linear :: PCC+ML,1.055986328353457,1.162658305513713,3.41093800740803,0.545893107440247,0.5636117277446546,0.4729845516910225,0.6930634150088901,0.7177510495136903,0.5968843012496051,2.625844506644828,3.022320012790324,2.221377735910849
PolyDeg3 :: PCC baseline,1.6980126482879254,1.8871506505506777,5.356283027709106,0.8886107861087574,1.0098297421263231,0.7100159170265913,1.0883966012176929,1.240108152055772,0.9158942010606024,3.399465023821655,4.78298984908696,3.5259648453742187
PolyDeg3 :: PCC+ML,0.8001717751293808,0.868947261896533,2.4639636665185507,0.40282400498332854,0.4028005300657155,0.394792479734225,0.5045651115276159,0.5064065739782418,0.49399977127345507,2.2097213211623443,1.7029519194517846,1.6304176801333057
KNN :: PCC baseline,1.6980126482879254,1.8871506505506777,5.356283027709106,0.8886107861087574,1.0098297421263231,0.7100159170265913,1.0883966012176929,1.240108152055772,0.9158942010606024,3.399465023821655,4.78298984908696,3.5259648453742187
KNN :: PCC+ML,0.846175236814374,0.9195927144285687,2.721553168771882,0.42721092603515476,0.4291875980182449,0.41447207054474844,0.5353382587600483,0.5375422210515849,0.5197230702256652,2.404732184142112,2.085685153815632,1.9119800049636098
