model,MAE_norm,RMSE_norm,MAX_norm,MAE_X,MAE_Y,MAE_Z,RMSE_X,RMSE_Y,RMSE_Z,MAX_abs_X,MAX_abs_Y,MAX_abs_Z
Linear :: PCC baseline,1.6917978104758653,1.8806956080451833,4.9859826043651525,0.8776708541140146,0.9972794804682579,0.7245995434819763,1.0771513834978783,1.2273907588933282,0.9328841257799964,3.51806328384113,4.404408136234437,3.5972508580236138
Linear :: PCC+ML,1.055431623020256,1.1595347817407768,3.3339776455839085,0.5388951966711338,0.5619089178529953,0.4822692330512637,0.6819164579487474,0.7138138134371066,0.6082603835460936,2.744529105638578,2.835266703463475,2.2048406653824486
PolyDeg3 :: PCC baseline,1.6917978104758653,1.8806956080451833,4.9859826043651525,0.8776708541140146,0.9972794804682579,0.7245995434819763,1.0771513834978783,1.2273907588933282,0.9328841257799964,3.51806328384113,4.404408136234437,3.5972508580236138
PolyDeg3 :: PCC+ML,0.7968929365805278,0.8661597195900189,2.2424929719835847,0.39444870983292557,0.39801353872973616,0.40422849324966076,0.4934405693013443,0.497797816419494,0.5088677611873336,1.975188407206815,1.864896949664896,1.9254026865861817
KNN :: PCC baseline,1.6917978104758653,1.8806956080451833,4.9859826043651525,0.8776708541140146,0.9972794804682579,0.7245995434819763,1.0771513834978783,1.2273907588933282,0.9328841257799964,3.51806328384113,4.404408136234437,3.5972508580236138
KNN :: PCC+ML,0.8440042718691478,0.9203835009507936,2.6744056128621074,0.4189465232663675,0.42338078594511563,0.42643609722933756,0.5260184694276847,0.5303606513917836,0.5377061819420327,2.2432629330634577,2.134964607166861,1.8569255383879835
